phase,ID,Severity,Area,Finding,Evidence,Impact,Recommended fix,Needs your approval?
P05,I-01,P0,Search / Location,"City filter hides most listings: Nashik shows 8 but keyword search finds 68 (admin 64). City totals on /cities sum to ~4,068 of 9,304 published, so ~56% have no canonical city.","Live: /properties?city=Nashik = 8 (5 active, 3 completed); ?q=nashik = 68; unmatched include Ozar, Sinnar, Eklahare, Deolali, Igatpuri, Malegaon and plain 'Nashik, 4220xx' addresses","Visitors searching a city see a fraction of supply; homepage tiles understate. PR #25 followed your 'canonical city only' decision, which assumed few unassigned rows.","1) Show 'N more listings mention <city>, not yet location-verified' link on city pages and search (code only, reversible). 2) Approve a geoCity backfill run with review (data change - needs your written approval). 3) Admin bucket report.",Yes (backfill)
P09,I-02,P0,Map,Map shows 0 pins on production.,"Live: all-properties, Mumbai, Bangalore, Pune, Chennai map views = 0 pins",Map feature is invisible to users. Property.latitude/longitude essentially empty.,Approve a coordinate-sourcing task from reliable data; do not geocode vaguely. Add clustering + detail map after.,Yes
P07,I-03,P0,Search,"/auctions, /auctions/upcoming, /live, /completed capped at 48 with no pager; page 2 repeats page 1; label reads '48 auction(s)'.",Live fetch of /auctions/upcoming?page=2 returned same first listing,Most auctions unreachable via these pages; count misleading. Breaks AT-07.,"Add pagination + true total, or redirect these pages to /properties with status filter.",No
P04,I-04,P1,Lifecycle,"'Active' = 6,988 of 9,304 (75%). Undated open rounds count as active; spec says exclude.",Code: auctionLifecycle helper; live totals,Headline opportunity numbers may be inflated.,"Count undated separately, exclude from headline.",Confirm rule
P08,I-05,P1,Detail page,"'Similar Properties' ignores location: a Nashik flat lists Bengaluru, Morbi, Surat.",Live detail page text,"Looks broken, hurts trust.",Filter by city/state and type.,No
P05,I-06,P1,Location data,"Duplicate/variant canonical cities (Vasai / Vasai Virar, Aurangabad / Chhatrapati Sambhajinagar); 972 city pages, 930 city URLs in sitemap.","Live /cities, sitemap.xml","Split counts, thin indexable pages.",Merge variants; only index cities above a minimum count.,Confirm names
P13,I-07,P1,Commercial,"Pricing differs from spec (Rs 2,500/4,000/7,000 vs 1,499/2,699/4,999); Founding, Single, Team, Private Desk plans absent; payments and alerts 'not live'.",Live /pricing,Cannot take subscriptions on 20 Oct as specified.,"Owner approves prices, then build checkout/webhook/entitlements.",Yes
P11,I-08,P1,Privacy,Premium is sold on 'full borrower name & contact details'.,Live /pricing and detail page,Conflicts with spec section 13 data minimisation; legal exposure.,Decide borrower-data policy before launch.,Yes
P11,I-09,P1,Security,"Only HSTS header present. No CSP, X-Frame-Options, nosniff, Referrer-Policy. No rate limiting on public forms/login found.",Live headers,Standard hardening gap.,Add headers in next.config + rate limits.,No
P08,I-10,P1,Detail page,"No map, no last-checked/source freshness, no risk flags, no save/share/compare/alert, thin disclaimer.",Live detail page,Misses most of spec 4.7.,"Build in order: freshness, map, share/save, disclaimer, then risk.",No
P16,I-11,P1,Commercial,"No analytics, no audit log, no support tickets, no consent records.",Code scan,Cannot measure funnel or run support.,Build before paid launch.,Yes (tool choice)
P05,I-12,P2,Catalogue,"Property-type counts sum to 8,919 vs 9,304 published (385 uncategorised); 'Vehicles' shows 0.",Live /property-types,Category browse incomplete.,Report uncategorised; hide empty category.,No
P07,I-13,P2,Search,"Param mismatch: ?keyword= is ignored (returns all 9,304); keyword param is ?q=.",Live,Share links or partner links using keyword= silently return everything.,Accept both or reject unknown params visibly.,No
P08,I-14,P2,Detail page,Location label shows 'Pune' in front of the lender for a Nashik property (Flat Jail Road).,Live detail header,Possible wrong location label; cause not investigated.,Investigate source of that label.,No
P01,I-15,P1,Verification gap,Admin not audited (not logged in in my browser). CI/Vercel results for PRs #25/#26 unread. Sandbox cannot run build or 4 test files.,Process,Admin 64 vs public 68 differs by definition (admin includes drafts/removed) but is unverified.,Give me a read-only admin login or screenshots of Dashboard/Data Engine; read CI.,Yes
