phase,Req ID,Spec §,Phase,Requirement,Status,Evidence in code / live,Gap / new work,Tests,Implemented,Tested,Merged,Deployed,Prod smoke-tested,Owner decision
P04,LC-01,3.2,P0 Core,"One central lifecycle rule for cards, detail, counts, filters, alerts, reports",Done,"src/lib/domain/auctionLifecycle.ts (effectiveAuctionStatus, auctionStatusWhere, activeAuctionWhere); homepage, city, search use it","Alerts/reports do not exist yet, so cannot confirm they will reuse it","tests/auctionLifecycle.test.ts, resolveAuctionStatus.test.ts",Yes,"Yes (unit, local)",Yes,Yes,Partial (city tiles + counts checked live),
P04,LC-02,3.2,P0 Core,"States: Upcoming, Live, Auction Today, Completed, Cancelled, Postponed",Done,Helpers derive these at read time; IST day boundaries,None known,auctionLifecycle.test.ts (boundary cases),Yes,"Yes (unit, local)",Yes,Yes,Not verified,Approve 'Auction Today' rule wording
P04,LC-03,3.2,P0 Core,Undated/Needs Review state; undated rounds excluded from trusted active headline and reported separately,Not built,"Helper treats undated open rounds as never over, so they count as ACTIVE today","Add Undated state, exclude from active headline, add count in admin data-quality view",None,No,No,No,No,No,Confirm: spec wins over current behaviour
P04,LC-04,3.2,P0 Core,Flag end-before-start and partial-date records for review; never auto-repair,Not verified,src/lib/pipeline/completeness.ts exists; not checked against this rule,Check rule coverage + surface in admin,tests/completeness.test.ts (scope not checked),Not verified,Not verified,Yes,Yes,No,
P04,LC-05,3.2,P0 Core,Never overwrite source facts to fix status; status derived at read time,Done,"Derived in code; raw values kept (fieldProvenance.ts, PropertyChange)",None known,provenance.test.ts,Yes,"Yes (unit, local)",Yes,Yes,Not verified,
P04,CT-01,3.3,P0 Core,"Count distinct properties, not round rows (AT-03)",Done,cityCounts.ts + cities.ts groupBy on property rows; property-level where in publishedWhere,"Other counters (admin, stats) not audited",tests/cityCounts.test.ts (13),Yes,"Yes (unit, local)",Yes,Yes,Yes (live tiles = results),
P04,CT-02,3.3,P0 Core,Catalogue total includes round-less published properties; active excludes them (AT-04),Done,cities.ts 'total' vs active count; activeAuctionWhere requires a round,None known,cityCounts.test.ts,Yes,"Yes (unit, local)",Yes,Yes,Partial,
P04,CT-03,3.3,P0 Core,Cancelled/Postponed excluded from active and reported separately,Partial,Excluded from active via lifecycle helper,No separate report/count anywhere,auctionLifecycle.test.ts (exclusion only),Partial,Partial,Yes,Yes,No,
P05,CT-04,3.3,P0 Core,Homepage city counts use canonical city only; missing city is a separate bucket (AT-05),Partial,"Live: city totals on /cities sum to ~4,068 of 9,304 published, so ~5,236 (56%) have no usable canonical city. Nashik: 8 by city, 68 by keyword",Bucket is invisible to visitors and admin. Needs report + location backfill,cityCounts.test.ts,Yes,"Yes (unit, local)",Yes,Yes,"FAIL (visitor-visible gap, see I-01)",Approve geoCity backfill
P04,CT-05,3.3,P0 Core,City card count == results total (AT-01),Done,"Both use publishedWhere. Parity holds, but both exclude listings without canonical city, so the parity is on an incomplete set",None,cityCounts.test.ts + live check of all 8 tiles,Yes,Yes (unit + live),Yes,Yes,Yes (parity) / FAIL (coverage),
P03,DM-01,3.1,P0 Core,Property: coords AND coordinate precision,Partial,"Property.latitude/longitude, geoCity/State/Locality, geoCheckedAt",No precision field; production coordinates are effectively empty (live map = 0 pins),propertyMap.test.ts (validation only),Partial,Partial,Yes,Yes,Yes - confirmed gap,Approve data task to source coordinates
P03,DM-02,3.1,P0 Core,"Auction round fields (EMD, increment, inspection, possession, notice, type, dates)",Done,"Auction model: emd, minimumIncrement, inspection*, possessionStatus, noticeNumber, auctionType, externalAuctionId",Timezone stored implicitly (IST in logic); possession is free text not typed,None specific,Yes,No,Yes,Yes,Not verified,
P06,DM-03,3.1,P0 Core,"Institution/source register with terms review, robots state, coverage, last checked",Partial,"Bank, Source, FeedSource, SourceRunLog; admin sources/feeds pages; robotsGate",No explicit terms-review / permission record per source,"sourceCompliance.test.ts, robotsRules.test.ts",Partial,Partial,Yes,Yes,Not verified,Approve source register
P06,DM-04,3.1,P0 Core,Evidence/provenance per field with reviewer + correction history,Partial,"fieldProvenance.ts, fieldObservations.ts, PropertyChange, mergeLog",No reviewer identity/correction workflow; not shown to users,provenance.test.ts,Partial,Partial,Yes,Yes,No,
P17,DM-05,3.1,P1 Intel,"Media/document with permission status, review state",Not verified,"Media, Document, MediaAsset, SourceMedia models",Permission/rights fields not confirmed,None,Not verified,No,Yes,Yes,No,Media policy decision
P13,DM-06,3.1,P0 Comm,"User/subscription: plan, entitlement dates, provider IDs, invoices, audit",Not built,User and Payment only,No Subscription/Entitlement/Invoice models,None,No,No,No,No,No,Prices + plans
P15,DM-07,3.1,P0 Comm,"Saved search/alert with channels, frequency, consent, pause, delivery result",Partial,"SavedSearch, Alert (type, filters, active)","No channel, frequency, consent, pause or delivery log",None,Partial,No,Yes,Yes,Not verified,
P19,DM-08,3.1,P1 Partner,Partner/referral entities,Not built,Absent,Full schema,None,No,No,No,No,No,Commission rulebook
P19,DM-09,3.1,P2 Pro,Team/deal entities,Not built,Absent,Full schema,None,No,No,No,No,No,Team/Private Desk scope
P10,NAV-01,4.1,P0 Core,"Main nav incl. Search, Map View, Cities, Banks, Calendar, How it works, Pricing, Partners, Guides, Help, Sign in",Partial,"Pages: properties, cities, banks, how-it-works, pricing, blog, contact, login, register","No auction calendar, no partner page; Map is a toggle, not a nav entry",None,Partial,No,Yes,Yes,Not verified,
P10,HP-01,4.2,P0 Core,Hero + search by keyword/location/PIN with filters,Partial,Home page search exists,PIN-code search not present; filter set not checked,None,Partial,No,Yes,Yes,Not verified,
P10,HP-02,4.2,P0 Core,Coverage counters with 'as of' timestamp from defined metrics,Not built,Stat block hidden. Live home shows city tiles with active counts only,"Define metrics, show as-of, re-enable",None,No,No,No,No,Confirmed missing,
P10,HP-03,4.2,P0 Core,Active city tiles = qualifying properties; link to same-count page,Done,page.tsx tiles -> /properties?city=X&status=active,None,cityCounts.test.ts,Yes,Yes,Yes,Yes,Yes,
P18,HP-04,4.2,P1 Intel,"Auction of the Day, recent additions, map discovery, guides, video, pricing sections",Partial,Recent/blog/pricing exist,Auction of the Day not found; map section not on home,None,Partial,No,Yes,Yes,Not verified,
P10,HP-05,4.2,P0 Core,No 'verified title' / 'guaranteed' claims,Done,Claims guard test,None known,tests/publicClaims.test.ts,Yes,Yes (unit),Yes,Yes,Not verified,
P07,SR-01,4.3,P0 Core,"Filters: keyword, city, state, locality, bank, type, price, status",Done,publishedWhere.ts + PropertyFilterForm,None,"cityCounts.test.ts, propertyMap.test.ts (filter parity)",Yes,Yes (unit),Yes,Yes,Not verified,
P07,SR-02,4.3,P0 Core,"Filters: PIN code, auction date range, possession type",Not built,Absent,Add filters + schema/index check,None,No,No,No,No,No,
P07,SR-03,4.3,P0 Core,"Sort: newest, deadline, price low/high, relevance; deterministic",Not built,Fixed createdAt desc only; no tiebreaker,Add sort + id tiebreak + URL param,None,No,No,No,No,No,
P07,SR-04,4.3,P0 Core,Shareable URLs; clear-all and active-filter chips,Partial,"Filters in URL. Param names: city, state, locality, q (keyword). Note keyword param ?keyword= is ignored (returns all 9,304)",Chips and clear-all not confirmed,None,Partial,No,Yes,Yes,Partial,
P07,SR-05,4.3,P0 Core,"Count, applied filters, pagination, empty state, reset suggestions",Partial,Count + pagination exist,Reset suggestions not confirmed,propertyMap.test.ts (page params),Partial,Partial,Yes,Yes,Not verified,
P05,SR-06,4.3,P0 Core,No silent broadening of location/text matching,Partial,"City: canonical only. Live proof: Nashik city filter 8 vs keyword 68. State/locality still use text fallback, so the three filters disagree","Make state, city and locality rules consistent; surface unverified matches instead of hiding them",cityCounts.test.ts,Partial,Partial,Yes,Yes,FAIL (I-01),Decide on state/locality fallback
P08,CD-01,4.4,P0 Core,"Card fields: title, location (+uncertainty label), price, date, institution, status, freshness, thumbnail, risk",Partial,PropertyCard shows most via toPropertyCardData,"No freshness, no uncertainty label, no risk indicator",None,Partial,No,Yes,Yes,Not verified,
P08,CD-02,4.4,P0 Core,"Card actions: save, share, compare, alert (gated)",Partial,Save exists (SavedProperty),Share/compare/alert missing,None,Partial,No,Yes,Yes,Not verified,
P08,CD-03,4.4,P0 Core,'Not available in source' labels; placeholder unless media cleared,Not verified,Not checked,Check card + detail,None,Not verified,No,Yes,Yes,No,Media policy
P09,MP-01,4.5,P0 Core,Map/list toggle,Done,"ViewToggle.tsx, properties/page.tsx ?view=map",None,propertyMap.test.ts (15),Yes,"Yes (unit, local)",Yes,Yes,Partial (toggle works),
P09,MP-02,4.5,P0 Core,Plot only usable coordinates; no false geocoding,Done,"coordinates.ts (India bounds, finite, not 0,0)",None,propertyMap.test.ts,Yes,Yes (unit),Yes,Yes,Yes (nothing invented),
P09,MP-03,4.5,P0 Core,Pins show real data on production,Not built,"Live: 0 pins on all-properties, Mumbai, Bangalore, Pune, Chennai",Coordinates missing in production data,N/A,Yes,Yes (unit),Yes,Yes,FAIL (0 pins),Approve coordinate sourcing task
P09,MP-04,4.5,P0 Core,Pin summary links to detail; pin<->card selection,Done,"PropertyMapView.tsx reducer, text-node popups",Never exercised on real pins in production,propertyMap.test.ts (reducer),Yes,Yes (unit),Yes,Yes,NOT VERIFIED (no pins),
P09,MP-05,4.5,P0 Core,Clustering at zoomed-out levels (required),Not built,No cluster library,Add clustering,None,No,No,No,No,No,
P09,MP-06,4.5,P0 Core,Desktop split view; mobile map screen with list toggle,Partial,Map + card list; responsive,True split view not confirmed,None,Partial,No,Yes,Yes,Not verified,
P09,MP-07,4.5,P0 Core,'Search this area' action,Not built,Absent,Add bounds query,None,No,No,No,No,No,
P09,MP-08,4.5,P0 Core,"Loading, no-results, no-coordinate, provider-error states",Partial,No-coordinate message seen live; list empty state,Loading + tile/provider error states not confirmed,None,Partial,No,Yes,Yes,Partial,
P09,MP-09,4.5,P0 Core,"Approved provider, costs, attribution",Needs decision,"Leaflet + OpenStreetMap tiles, no key",OSM tile policy is not for heavy commercial traffic; needs a decision,None,Yes,n/a,Yes,Yes,n/a,Approve provider/budget
P10,CY-01,4.6,P0 Core,Mumbai city vs MMR as separate views,Needs decision,Only city view exists,MMR list is a draft; do not code until validated,None,No,No,No,No,No,Validate MMR list
P10,CY-02,4.6,P0 Core,"City page: active count, catalogue count, labels, filters, pagination",Partial,city/[slug]: active list capped at 48 with 'See all' link. Live /cities lists 972 cities,Page size 48 with 'See all N' link instead of real pagination; no filters,cityCounts.test.ts (counts),Partial,Partial,Yes,Yes,Partial,
P10,CY-03,4.6,P0 Core,City page map/list discovery,Not built,Absent on city pages,Reuse map toggle,None,No,No,No,No,No,
P05,CY-04,4.6,P0 Core,Unassigned/unknown location totals reported,Not built,Computed in cities.ts but never displayed. Live gap ~56% of catalogue,"Show 'N more listings mention <city>, not yet location-verified' and an admin bucket report",cityCounts.test.ts,Partial,Yes (unit),Yes,Yes,FAIL,Approve geoCity backfill
P10,CY-05,4.6,P2 Scale,"Useful unique SEO city/institution pages, no thin pages",Not verified,"City, bank pages exist",Not audited for thin/duplicate content,None,Not verified,No,Yes,Yes,No,
P08,DT-01,4.7,P0 Core,"Detail: reserve, dates, EMD, increment, institution, type, possession, inspection",Done,property/[slug]/page.tsx fields,Eligibility/process notes not confirmed,None,Yes,No,Yes,Yes,Not verified,
P08,DT-02,4.7,P1 Intel,Prior rounds with status/date/reserve history; provenance per value,Partial,"Prior rounds table (reserve, EMD, dates, status)",No per-value provenance or reserve-history chart,None,Partial,No,Yes,Yes,Not verified,
P08,DT-03,4.7,P0 Core,Source notice link + last-checked timestamp,Not built,Live detail page (flat-jail-road-nashik): no last-checked or source-freshness line,Add last-checked + source link,lastSeen.test.ts (pipeline only),Not verified,No,Yes,Yes,Confirmed missing,
P09,DT-04,4.7,P0 Core,Detail map when coordinates reliable,Not built,Live detail page has no map,Reuse coordinates.ts + map component,None,No,No,No,No,Confirmed missing,
P08,DT-05,4.7,P1 Intel,Gallery of permitted media with placeholder,Not verified,Media models exist,Rights gating not confirmed,None,Not verified,No,Yes,Yes,No,Media policy
P17,DT-06,4.7,P1 Intel,"Risk indicators with evidence, confidence, review date",Not built,No risk model or UI,Build per section 5,None,No,No,No,No,No,Risk rubric
P08,DT-07,4.7,P1 Intel,"Share, compare, alert, client card, request professional help",Partial,Live detail: WhatsApp enquiry + Contact Us only. No save/share/compare/alert/client card,Others absent,None,Partial,No,Yes,Yes,Confirmed,Legal service boundary
P08,DT-08,4.7,P0 Core,Research-only disclaimer on detail,Partial,Live detail page has one line 'Always confirm auction details against the official documents'. No full disclaimer block,Detail-page disclaimer not confirmed,publicClaims.test.ts,Partial,Partial,Yes,Yes,Partial,
P17,CM-01,4.8,P1 Intel,Compare selected properties,Not built,Absent,Build compare UI + URL,None,No,No,No,No,No,
P17,CM-02,4.8,P1 Intel,"Branded client card/report with timestamp, source links, missing-data flags (AT-15)",Not built,Absent,Build report generator,None,No,No,No,No,No,
P17,CM-03,4.8,P1 Intel,Revocable/expiring public share links; private notes separation,Not built,Absent,Share-token model,None,No,No,No,No,No,
P17,RK-01,5.1,P1 Intel,"Risk fields: possession, litigation, dues, tenancy, title concerns, doc completeness, confidence",Partial,"possessionStatus (free text), completeness.ts",Others absent; not evidence-linked,completeness.test.ts,Partial,Partial,Yes,Yes,No,Risk rubric
P17,RK-02,5.2,P1 Intel,No opaque legal score; descriptive evidence-backed flags,Done,No score exists,Keep it that way until rubric approved,N/A,Yes,n/a,Yes,Yes,n/a,Rubric
P17,RK-03,5.3,P1 Intel,Reviewer workflow: confirmed/source-stated/uncertain/incorrect/legal review; correction history,Not built,"pipeline/review.ts is for duplicates/locations, not risk",Build review states + audit trail,None,No,No,No,No,No,
P16,RK-04,5.3,P0 Comm,"Public correction/contact path, 24h review SLA (AT-19)",Partial,Contact page + Lead model,"No property-linked 'report error', no status/SLA tracking",None,Partial,No,Yes,Yes,Not verified,Staffing SLA
P06,SC-01,6,P0 Core,"Source register: terms, robots, last success, health, limitations",Partial,"Source, FeedSource, SourceRunLog, admin pages",Terms-review record missing,sourceCompliance.test.ts,Partial,Partial,Yes,Yes,Not verified,Approve source register
P06,SC-02,6,P0 Core,Never bypass robots/401/403/CAPTCHA; stop and record refusal (AT-13),Done,"robotsGate.ts, sourceProtection.ts, httpStatus handling",Not re-audited per source this session,"robotsRules.test.ts, httpStatus.test.ts, sourceProtection.test.ts",Yes,Unit tests exist,Yes,Yes,Not verified,
P06,SC-03,6,P0 Core,"Store source URL, ID, retrieval time, extraction version, field evidence",Partial,"externalAuctionId, noticeNumber, fieldProvenance",Extraction version not confirmed,provenance.test.ts,Partial,Partial,Yes,Yes,No,
P06,SC-04,6,P0 Core,Conservative dedupe; ambiguous -> review,Done,"deduplication/, pipeline/duplicates.ts, admin duplicates page",None known,dedupe.test.ts,Yes,Yes (unit),Yes,Yes,Not verified,
P06,SC-05,6,P0 Core,Run states: success/no-change/blocked/partial/failed/stale distinct,Partial,SourceRunLog status: ok/error/skipped/blocked; schedulerHealth,"No partial, no-change or stale state","scheduler.test.ts, zeroYield.test.ts",Partial,Partial,Yes,Yes,Not verified,
P06,SC-06,6,P0 Core,Do not ingest findauction.in,Not verified,Not checked in registry this session,Check src/data-sources/registry.ts,sourceClassification.test.ts (scope not checked),Not verified,No,Yes,Yes,No,
P06,SC-07,6,P1 Intel,No media ingest without type + permission,Not verified,Not checked,Audit media pipeline,None,Not verified,No,Yes,Yes,No,Media policy
P12,AC-01,7.1,P0 Comm,"Email/phone sign-in, recovery, preferences",Partial,"login/register, userSession.ts, password.ts","No phone/OTP, no recovery flow found",None,Partial,No,Yes,Yes,Not verified,
P12,AC-02,7.1,P0 Comm,Explicit opt-in per channel; simple opt-out; consent log,Not built,Absent,Consent model + UI,None,No,No,No,No,No,
P12,AC-03,7.1,P0 Comm,"Saved properties, searches, alert history, invoices, support requests",Partial,"saved-properties, my-alerts pages","No invoices, alert history or tickets",None,Partial,No,Yes,Yes,Not verified,
P13,AC-04,7.1,P0 Comm,Server-side authorisation of premium fields/docs/APIs; cache leakage tests (AT-08),Not built,No tiers or entitlements; public API keys exist (ApiKey),Entitlement layer + tests,borrowerExposure.test.ts (different issue),No,No,No,No,No,Free-tier masking decision
P13,TR-01,7.2,P0 Comm,"Tiers: visitor, free, single notice, quarterly/half/yearly, Founding, Team, Private Desk",Not built,Pricing page only,"Plans, entitlements, masking",None,No,No,Yes,Yes,Not verified,Approve plans
P13,TR-02,7.3,P0 Comm,"Approved prices, GST wording, no contradictory prices",Needs decision,"Live /pricing: 3 Month Rs 2,500, 6 Month Rs 4,000, 1 Year Rs 7,000, GST included. Spec proposals: 1,499 / 2,699 / 4,999 plus Founding, Single, Team, Desk",Prices differ from spec; no Founding/Single/Team/Desk plans listed,None,No,No,No,No,"Yes (page loads, copy honest: payments not live)",Approve prices + GST wording
P14,PY-01,7.4,P0 Comm,Gateway checkout; server-side order; signed webhook; idempotency (AT-09),Partial,Live /pricing says 'Online payment isn't live yet - contact us to activate a plan manually'. No webhook route in code,No webhook route or checkout flow found under src/app/api,None,Partial,No,Yes,Yes,Confirmed not live,Gateway account + test keys
P14,PY-02,7.4,P0 Comm,Entitlement only after verified payment,Not built,No entitlements,Build with PY-01,None,No,No,No,No,No,
P14,PY-03,7.4,P0 Comm,Recurring (UPI AutoPay/card) with mandate consent,Needs decision,Absent,Only if approved,None,No,No,No,No,No,Approve or drop
P14,PY-04,7.4,P0 Comm,"GST invoices, credit notes, numbering",Not built,Absent,CA-approved rules first,None,No,No,No,No,No,CA input
P14,PY-05,7.4,P0 Comm,Refund policy shown pre-payment; refund/cancel/renew/expiry flows (AT-10),Not built,Payment.status has 'refunded' only,Policy + flows,None,No,No,No,No,No,Approve refund policy
P15,AL-01,8,P0 Comm,Alerts by city/PIN/bank/budget/type/status,Partial,"Alert.filters JSON, my-alerts",PIN absent; matching engine not found,None,Partial,No,Yes,Yes,Not verified,
P15,AL-02,8,P0 Comm,"Delivery: email, WhatsApp, push; immediate + digest (AT-11)",Not built,Live /pricing says personalised alerts 'planned and not yet available'. No provider code,"Choose providers, templates, jobs",None,No,No,No,No,Confirmed not live,Providers + cost
P15,AL-03,8,P0 Comm,"Dedupe, new vs material change, delivery log, retry",Not built,Absent,Build,None,No,No,No,No,No,
P15,AL-04,8,P1 Partner,"Retention workflows (weekly digest, day-14, day-60, renewal)",Not built,Absent,Build after AL-02,None,No,No,No,No,No,Consent rules
P19,PT-01,9.1,P1 Partner,"Partner application, agreement, code/link, 30-day attribution",Not built,Absent,Full build,None,No,No,No,No,No,Commission rulebook
P19,PT-02,9.2,P1 Partner,"Commission engine: tiers, clawback, payout statements",Not built,Absent,Full build,None,No,No,No,No,No,One approved schedule + CA
P19,PT-03,9.3,P1 Partner,Partner dashboard + exports (AT-14),Not built,Absent,Full build,None,No,No,No,No,No,
P19,TM-01,9.4,P2 Pro,"Team seats, roles, shared shortlist, pipeline stages, notes, access log",Not built,Absent,Full build,None,No,No,No,No,No,Team scope
P19,TM-02,9.4,P2 Pro,Firm logo / client card config with safe upload,Not built,Absent,Build with CM-02,None,No,No,No,No,No,
P17,MD-01,10,P1 Intel,"Store type, origin, rights, review state per asset; placeholders (AT-16)",Not verified,"Live: property type page counts sum to 8,919 vs 9,304 published; 385 uncategorised; 'Vehicles' category shows 0",Rights fields + public gating not confirmed,None,Not verified,No,Yes,Yes,Partial,Media policy
P13,MD-02,10,P0 Comm,Document access by entitlement; expiring signed links,Not built,Absent,Depends on AC-04,None,No,No,No,No,No,
P18,MD-03,10,P1 Intel,"Admin content: guides, FAQs, city pages, Auction of the Day, video",Partial,"Admin blog, pages, home config","Auction of the Day, video, language variants absent",None,Partial,No,Yes,Yes,Not verified,
P10,SE-01,11,P0 Core,"Canonical URLs, metadata, sitemap, robots, pagination policy (AT-18)",Partial,"Live: robots.txt ok (blocks /admin, /api, /login, /my-alerts); sitemap 10,268 URLs (9,180 property, 930 city); canonical on detail ok; /properties?city=X canonicalises to /properties","930 city URLs include many tiny cities (thin-page risk, spec 4.6); pagination/indexation policy undocumented",None,Partial,No,Yes,Yes,Partial,
P10,SE-02,11,P0 Core,No fabricated structured data,Not verified,JsonLd.tsx exists,Audit output fields,None,Not verified,No,Yes,Yes,No,
P18,LG-01,11,P2 Scale,Hindi + 7 regional languages; labelled translations,Not built,Absent,i18n framework + content,None,No,No,No,No,No,Launch languages
P18,AN-01,11,P0 Comm,"Consent-aware analytics, UTM, signup-to-paid funnel",Not built,No analytics code found,"Choose tool, consent banner",None,No,No,No,No,No,Analytics tool
P16,AD-01,12,P0 Core,"Admin: sources, duplicates, coverage, history, users, leads, payments, media, settings",Partial,"Admin pages exist in code; I could not log in to admin in my browser, so admin behaviour was NOT audited live","No risk queue, partner queue, location backlog, support tickets",None,Partial,No,Yes,Yes,NOT VERIFIED,
P16,AD-02,12,P0 Core,"Data-quality dashboard: missing city/coords/dates/prices, undated, end<start, contradictions",Partial,"engine/coverage, completeness.ts, coverage.ts",Undated/end<start/coords not confirmed; unassigned city not shown,"coverage.test.ts, completeness.test.ts",Partial,Partial,Yes,Yes,Not verified,
P16,AD-03,12,P0 Comm,Operational audit log for admin changes,Not built,No audit-log model found,Add AuditLog + hooks,None,No,No,No,No,No,
P16,AD-04,12,P0 Comm,"Support ticket flow with category, SLA, history",Not built,Contact form -> Lead only,Ticket model + admin queue,None,No,No,No,No,No,
P11,AD-05,12,P0 Core,"Role-protected, logged, minimised exports; borrower data minimised",Partial,"AdminRole, adminAuth; borrower exposure guard",Export logging absent,borrowerExposure.test.ts,Partial,Yes (borrower test),Yes,Yes,Not verified,
P11,SEC-01,13,P0 Core,"Least privilege, secure sessions, validation",Partial,"adminSession/userSession, validation/, httpOnly cookies in admin login",Not security-reviewed,None,Partial,No,Yes,Yes,No,
P11,SEC-02,13,P0 Core,Rate limits on public endpoints/forms,Not built,Rate handling found only in outbound scrapers,"Add limits on login, contact, API",None,No,No,No,No,No,
P11,SEC-03,13,P0 Core,"Secure headers (CSP, HSTS, frame, nosniff) globally",Not built,"Live headers on / and detail: only Strict-Transport-Security. No CSP, X-Frame-Options, X-Content-Type-Options, Referrer-Policy",Add headers config,None,No,No,No,No,Confirmed missing,
P11,SEC-04,13,P0 Comm,"Consent/opt-out records; incident, backup, restore, deletion processes",Not built,Not found,Process + tooling,None,No,No,No,No,No,
P02,SEC-05,13,P0 Core,"Production changes need PR, CI, preview, owner approval, smoke test",Partial,"ci.yml, PR flow followed for #25/#26",CI/Vercel results for #25/#26 were never read by me,CI,Yes,Not verified,Yes,Yes,Partial,
P20,NF-01,14,P0 Core,"Performance: pagination, bounded queries, caching w/o entitlement leakage; CWV targets",Partial,Paginated lists; unstable_cache for city summary,No CWV targets or measurements,None,Partial,No,Yes,Yes,No,Set CWV targets
P16,NF-02,14,P0 Core,"Reliability monitoring: errors, import health, webhooks, delivery",Partial,"api/cron/health, scheduler watchdog, schedulerHealth.ts","No error tracker, webhook or delivery monitoring",scheduler.test.ts,Partial,Partial,Yes,Yes,Not verified,
P20,NF-03,14,P0 Core,"Accessibility (keyboard, focus, labels, contrast)",Not verified,Map component has labels; no audit,Run audit,None,Not verified,No,Yes,Yes,No,
P20,NF-04,14,P2 Scale,"Load test at 5,000 concurrent users",Needs decision,Absent,Needs budget/environment,None,No,No,No,No,No,Approve scope
P20,NF-05,14,P0 Core,"Backups, restore test, RPO/RTO, rollback",Not built,Not found in repo,Document + test restore,None,No,No,No,No,No,Hosting/DB provider facts
P07,AU-01,4.3,P0 Core,/auctions and /auctions/<status> pages paginate and show true totals (AT-07),Not built,Live: all four pages show '48 auction(s)' and 48 cards; ?page=2 returns the same first listing; no pager links,Add pagination + real total; label is misleading,None,Yes,No,Yes,Yes,FAIL,
P07,AU-02,3.2,P0 Core,Auction Today has its own view/filter,Not built,Live: /auctions/today returns 'Auctions not found'; tabs show Upcoming/Live/Completed/Postponed/Cancelled only,Add Today view or filter,None,No,No,No,No,FAIL,
P08,DT-09,4.7,P0 Core,Similar properties are actually similar,Not built,"Live: on a Nashik listing, 4 of 8 'Similar Properties' are Bengaluru, Morbi and Surat",Restrict by city/state + type,None,Yes,No,Yes,Yes,FAIL,
P05,CY-06,4.6,P0 Core,Canonical city list has no duplicate/variant names,Not built,Live /cities: Vasai and Vasai Virar; Aurangabad and Chhatrapati Sambhajinagar; 972 city entries,Merge variants in canonCity; prune tiny cities from index,tests/cityCounts.test.ts (no variant cases),No,No,No,No,FAIL,Confirm canonical names
P11,PV-01,13,P0 Core,Premium copy matches privacy spec (borrower names),Needs decision,Live /pricing sells 'full borrower name & contact details'; detail shows 'Borrower details available with Premium',Spec section 13: minimise borrower personal data; needs documented lawful need,tests/borrowerExposure.test.ts,Yes,Yes,Yes,Yes,Confirmed,Approve borrower-data policy
P04,DQ-01,3.2,P0 Core,Active headline excludes undated rounds,Not built,"Live: 6,988 of 9,304 published are 'active' (75%), includes undated open rounds by current rule",True active count unknown until undated rounds are separated,None,No,No,No,No,FAIL (suspect inflation),Confirm rule change
